ҵ,ҳ,Ʒ,ϵ,绰,ַ
莱州市沙河双丰化工机械厂,https://lzshuangfeng.1688.com/,"反应釜;
防水卷材机组;
打包带机;",䶰,086-0535-2359958,й ɽ  ɽɳ··ڼվ100
上海亮江钛白化工制品有限公司,https://shljtb58.1688.com/,"钛白粉;
硫酸钡;
氢氧化铝;
氧化铝;
氧;",,86-021-39565954,й Ϻмζ ·58Ū8302
河北曼吉科工艺玻璃钢有限公司,https://huafenchifrp.1688.com/,"玻璃钢制品;
玻璃钢化粪池;
玻璃钢;",Ӣ,86-0318-8238318,й ӱ ǿ ӱʡǿظǿ·258
任丘市元硕化工有限公司,https://shop1435770553287.1688.com/,"聚丙烯酰胺;
造纸分散剂;
纤维素;",֣,86-0317-2279677,й ӱ  ҵ
东莞市立净碳业化工有限公司,https://lijing168.1688.com/,"活性炭;
椰壳活性炭;
果壳活性炭;",,86-0769-85622586,й 㶫 ݸ ɽݴݸ·35
廊坊新时代化工建材有限公司,https://lfxinshidai.1688.com/,"泡沫玻璃板;
聚氨酯发泡剂;",Ƿ,86-0316-5196228,й ӱ  ׯż
东莞市长安凯盛文具劳保用品店,https://kaywin168.1688.com/,"防尘口罩;
防护耳塞;
安全鞋;
防毒面;",ƿ,86-0769-81760095,й 㶫 ݸ ˫·̫Ƽ԰C
梁山县顺鑫二手化工设备购销部,https://shop1452099823576.1688.com/,"二手油脂设备;
二手化工设备;
二手制;",,86-0537-18266840099,й ɽ ɽ 켯
梁山县众信二手化工设备购销处,https://shop1427302167708.1688.com/,"二手反应釜;
二手离心机;
二手干燥;",,86-0537-7602289,й ɽ ɽ ȭ򿪷
巩义市金源化工有限公司,https://jinyuanpam.1688.com/,"聚丙烯酰胺;
聚合氯化铝;",,86-0371-64322888,й   깤ҵ԰
任丘市尚康化工有限公司,https://shop2520j43f441x8.1688.com/,"增稠剂;
纤维素/瓜尔胶/黄;
保水剂;",ź,86-0317-13313275862,й ӱ  ·´
温州全盛泵业有限公司,https://wzqsby.1688.com/,"CDLF多级离心泵;
自吸泵;",η,86-0577-21888818,й 㽭  걱ǹҵǴί
东莞市樟木头飞凡塑胶原料经营部,https://shop1458752356467.1688.com/,"POM;
EVA;
ABS;
PP;
PA66;",,86-0769-87195921,й 㶫 ݸ ľͷܽг
深圳市顺意鑫塑料制品有限公司,https://syxbottle.1688.com/,"塑料包装瓶;
吹塑加工;
PET透明塑;",,15602907185,й 㶫 ݸ ĲҵB2¥
石家庄市藁城区永盛编织袋经销处,https://shop1358183702666.1688.com/,"塑料编织袋;
集装袋;
旧吨袋;
废旧编;",Ծ,86-0311-18803215718,й ӱ ޻ ޻10km¶޻ǹ··
佛山市金诺达塑料包装有限公司,https://foshanhxd.1688.com/,"药瓶;
塑料瓶;
量杯;
烧杯;
塑料桶;
化;",ƻ,86-0757-85391329/85338622,й 㶫 ɽϺ ɳ忪
常州市天泽干燥设备有限公司,https://shop1464757143514.1688.com/,"干燥设备;
粉碎设备;
筛分设备;
混合;",һ,0519-85510876,й   ֣½ṵ265
苏州子晴塑化有限公司,https://suzhouziqing.1688.com/,"PP;
ABS;
PA66/PA6;
PC;",־,86-0512-33061729,й  ̫ ¸·2Żܻ7-11-3
东莞百塑塑胶实业有限公司,https://shop1430413455237.1688.com/,塑料托盘/塑胶卡板;,,86-0769-83937162,й 㶫 ݸ ƽ¹ҵ
巩义市瑞源化材有限公司,https://gyryhc.1688.com/,"净水絮凝剂;
助凝剂;
活性炭;
滤料;",ڷ,13213185652,й  ֣ ֥
山东浩中化工科技有限公司,https://sdhzhgkj.1688.com/,"化学试剂;
生化试剂;
玻璃仪器;
分析;",Ƽ,86-0537-2355919,й ɽ γ ̫׶·ϵԷ
临沂金地开劳保用品有限公司,https://jindikai888.1688.com/,"3M;
霍尼韦尔;
代尔塔;
梅思安;
杜邦;",ſ,86-0539-8063848,й ɽ ɽ A1830
南昌高云实业有限公司,https://shop1491065999558.1688.com/,"塑料瓶;
瓶盖;
PET瓶胚;",Ҹ,"<a-class=""mobilephone""-href=""javascript:void(0)""-onmousedown=""return-aliclick(this,'?tracelog=wp_widget_contact_side_viewmobilephone')"">¼ɼ</a>",й  ϲ
苏州冠裕机电科技有限公司,https://suzhouguanyu2011.1688.com/,IWAKI易威奇磁力泵;,С,15950082558,й   ڷ·
苏州雄彩国际贸易有限公司,https://shop80591b24kb617.1688.com/,"PP;
POM;
ABS;
PC;
PA66;",,86-0512-33060136,й  ̫ ̫и¸·25-306
沧县晟诚塑料销售网店,https://15127793186.1688.com/,"塑料瓶、壶;
洗洁精桶;
洗衣液桶;
冰盒;",,86,й ӱ  ǰ36
沧县荣海塑料制品厂,https://shop1471884292685.1688.com/,"塑料瓶;
农药瓶;
医药瓶;
兽药瓶;
保健;",,86-1378-5489059,й ӱ  ҵ԰
苏州亿灿塑化有限公司,https://yican888888.1688.com/,"ABS原料;
高透明PP;
塑胶原料;",,86-0512-53686988,й  ̫ ¸·25-5102202
沧县恒晟塑料制品厂,https://shop1442335658114.1688.com/,"塑料瓶;
塑料盒;
塑料壶;
塑料桶;
塑料;",,86-0317-4917936,й ӱ  вض
济宁恒泰化工有限公司,https://hengtaihuagong.1688.com/,分析试剂;,,15666401098,й ɽ ̨ Żƹҵ԰
余姚市驰宏塑化有限公司,https://yychsh.1688.com/,"ABS;
PP;
PA6;
PVC;
HDPE;",Ӽѩ,86-0574-62537599,й 㽭 Ҧ ϳ¥22
惠州市中海源新材料科技有限公司,https://sjylcj.1688.com/,"热塑性弹性体;
PP/PE;
ABS;",ƽ,86-0769-89386391,й 㶫 ݸ ٹܽԭгһU8
东莞市黄江禄润塑胶原料经营部,https://dglrsj8899.1688.com/,"聚苯硫醚PPS;
聚甲醛POM;",,86-0769-18826808195,й 㶫 ݸ ƽܽ
沧县艺漫塑料制品厂,https://shop808745k810370.1688.com/,"塑料瓶;
储物罐;
洗衣液瓶;",,"<a-class=""mobilephone""-href=""javascript:void(0)""-onmousedown=""return-aliclick(this,'?tracelog=wp_widget_contact_side_viewmobilephone')"">¼ɼ</a>",й ӱ 
苍南县倍尔包装厂,https://shop22c1393w26160.1688.com/,"塑料编织袋;
阀口袋;
大米袋;
编织袋;",ڿ,"<a-class=""mobilephone""-href=""javascript:void(0)""-onmousedown=""return-aliclick(this,'?tracelog=wp_widget_contact_side_viewmobilephone')"">¼ɼ</a>",й 㽭  Ǯ
广州市广运塑料包装制品有限公司,https://shop1409157794614.1688.com/,"PE瓶;
PET瓶;
化工瓶;
样品瓶;",,86-020-36026323,й 㶫 а 㻨·éվʢҵƷչB1118
上海永帆机电设备有限公司,https://021pump.1688.com/,"不锈钢泵;
排污泵;
离心泵;
自吸泵;
管;",,86-21-55133000,й Ϻбɽ ·890
临沂永贵劳保用品有限公司,https://yongguilaobao.1688.com/,"防毒面具;
乳胶手套;
礼仪手套;
棉纱;",ΰ,86-0539-18553922989,й ɽ ɽ ͱB1562-568
石家庄莱尔特化工科技有限公司,https://shirunde.1688.com/,"脱色活性炭;
果壳活性炭;
椰壳活性;",,086-0311-80822340,й ӱ ʯׯ ַʯׯи԰
沧县恒骏塑料制品厂,https://shop1401296439390.1688.com/,"尖嘴塑料瓶;
喷雾塑料瓶;
农药塑料;",ϼ,86-0317-4052405,й ӱ  ҵ
承德县中博活性炭厂,https://cdzbhxt.1688.com/,"活性炭;
椰壳活性炭;
果壳活性炭;",Сѩ,18715936911,й ӱ е е°°Ǵ
山东杰晨化工有限公司,https://shop8e966w6657962.1688.com/,钛白粉;,,86-0531-15508693552,й ɽ  
沧县永泰塑料制品厂,https://ytslzp.1688.com/,"玻璃水瓶;
洗洁精瓶子;
洗衣液瓶;
药瓶;",徲,15076712547,й ӱ  
苏州帝辰鑫国际贸易有限公司,https://shop1400864238934.1688.com/,"POM;
ABS;
PBT;
PC;
PMMA;",,86-0512-15051678896,й   
河北跃泉泵业有限公司,https://shop1447174042757.1688.com/,"工业水泵;
渣浆泵;
多级泵;
双吸泵;
泥;",,86-0312-3427650,й ӱ  ʯ
沧县圣辉塑料制品厂,https://shop1429807961030.1688.com/,"塑料瓶;
竹节瓶;
塑料瓶加工;",,86-1810-3271635,й ӱ  ҵ
郑州市腾德机械设备有限公司,https://shop1479919482399.1688.com/,"木材粉碎设备;
农业养殖设备;
矿山设;",,86-0371-13721446366,й  ֣ ֣Ͻ·վ
苏州佳塑鑫塑化有限公司,https://jiasuxin2405.1688.com/,"PC;
PA尼龙系列;
POM;
PP;
ABS;",ƹ,86-0512-33061660,й   ̫лܻ6-5-3
郑州亿升化工有限公司,https://pacpam.1688.com/,"聚合氯化铝;
碱式氯化铝;
阳离子聚;",,86-0371-85610807,й   ʡ֥ιׯҵ
东莞市清溪广达机械设备厂,https://shop1468343128107.1688.com/,各种类型搅拌混合机;,ϼ,86-0769-86003634,й 㶫 ݸ Ϫҵ
广州市川聚化工科技有限公司,https://gzcjhg01.1688.com/,"润滑开口剂;
增塑剂;
增韧剂;
增白剂;",Ԭ,86-020-89852829,й 㶫  ɽ1007E711
余姚市泰美塑化有限公司,https://shop1378486697242.1688.com/,"PP;
ABS;
POE;
PE;
EVA;",,86-0574-62538775,й 㽭 Ҧ йϳһ317-2
常州瑞辉塑料制品有限公司,https://ruihuisuye.1688.com/,"塑料托盘;
环卫垃圾桶;
塑料水塔;
塑料;",ӱ,13584549695,й   ƽ嶫·8
苍南县舒悦包装有限公司,https://cnjybz66.1688.com/,"食品包装袋;
液体包装袋;
自立吸嘴;",Ϊ,86-0577-68523344,й 㽭  ǰҵ԰A3-1
沧县红杰塑料制品厂,https://17731751005.1688.com/,"塑料瓶、壶;
塑料桶;
塑料罐;",ֺ,86-0317-18232850586,й ӱ  ش޶ׯ
泰安市梓信化工有限公司,https://tazixin.1688.com/,"碳酸丙烯酯;
医药级碳酸丙烯;",ƽ,86-0538-8167600,й ɽ ̩ ׯֲĴг(ɽִ17̩ͨ)
西安晋恒化工有限公司,https://shop1442422387491.1688.com/,"植物提取物;
医药中间体;",Т,86-029-63365530,й   
江苏省海安石油化工厂,https://haianzhuji.1688.com/,"聚乙二醇;
聚丙二醇;
聚醚;
吐温;
司盘;",ž,86-0513-88866972,й   ·99
临沂市兰山区恒砚塑料编织厂,https://hengyansubian.1688.com/,"普黄编织袋;
普黄带红线编织;
亮黄编;",,13869991875,й ɽ ɽ ԰ׯ
广州洁宇化工有限公司,https://shop1459615201067.1688.com/,"化妆品原材料;
化工原料;
保湿剂;
乳化;",ˮ,86-020-34353722,й 㶫 а ƽֶƽ32¥209
苍南县时坤包装厂,https://shop612l327o8r810.1688.com/,"编织袋;
复合袋;
蛇皮袋;
快递袋;
塑料;",,86-0577-15868500683,й 㽭  򽭿·118
广东亿朗特环保科技有限公司,https://yilangte.1688.com/,"搅拌机;
化工搅拌机;
粉体搅拌机;",ɴ,86-0769-33326037,й 㶫 ݸ ϪغӴӰ·Ƽ԰
东莞市品齐塑胶原料有限公司,https://pqsj1992.1688.com/,"PA6;
PA66;
PBT;
PC;
PEEK;",,86-0769-33350585,й 㶫 ݸ ݸл԰̩г·24 7022һ¥
沧县晟达塑料制品厂,https://shop1495731314246.1688.com/,"洗衣液桶;
化工桶;
农药包装瓶;
兽药;",޻,86-0317-4917961,й ӱ  ضʹ
东莞市一方塑胶制品有限公司,https://shop1467478126553.1688.com/,"闭口桶系列;
铁箍桶系列;
方罐系列;",ɴ,86-0769-89977390,й 㶫 ݸ ľͷϳǹҵ59
任丘市晟光化工产品有限公司,https://shop1486486860413.1688.com/,"聚丙烯酰胺;
纤维素;
吸水树脂;
聚合;",,15076760766,й ӱ  ·
苍南县龙港鲁静包装制品厂,https://shop581mv59280836.1688.com/,"亚克力标牌;
亚克力门牌;
推拉门贴;
标;",,86-0577-15857733833,й 㽭 
东莞市旭景塑胶制品有限公司,https://gdxjsj.1688.com/,"塑料瓶;
塑料桶;
塑料包装容器;
塑胶;",ɭ,86-0769-13066193932,й 㶫 ݸ ͷίS358ʡͷ136
庆云三元塑料制品有限公司,https://shop1429058257481.1688.com/,"10吨塑料桶;
5吨塑料桶;
3吨塑料;",ǻ,86-0534-3626377,й ɽ  ǰйҵ԰188
济南萧试化工有限公司,https://shop1449767168352.1688.com/,"分析纯试剂;
酒石酸钠;
硫酸肼;
氯化;",ѦҰ,86-0531-58563291/85863291,й ɽ  ²Ͻ2-701
任丘市鑫光化工产品有限公司,https://yhhg72.1688.com/,"吸水树脂;
洗洁精增稠剂;
增稠剂;
保水;",֣һ,86-0317-2919329,й ӱ  ӱ
三原安依诺家居,https://aynjj029.1688.com/,"防尘口罩;
防毒面具;
防护眼镜;
防护;
朝;",,17709222578,й  ƽ ˽ֵ1888
苏州亚赛塑化有限公司,https://shop1426227606700.1688.com/,"PC;
PC/ABS;
PA/ABS;",Ӣ,86-0512-33060285,й  ̫ ܻ(5-6-15)
佛山市禅城区永达塑料五金厂,https://yongda85.1688.com/,"药用瓶;
食品瓶;
保健品瓶;
塑料容;",,86-0757-85321943,й 㶫 ɽ ׯǰ湤ҵ
临沂市兰山区业创塑编厂,https://lyshundesubian.1688.com/,"灰色编织袋;
pp编织袋;
蛇皮袋;",,13256561174,й ɽ  ɽ 13·
莱州市永昌化工机械有限公司,https://ychgjx.1688.com/,"化工机械;
化工设备;
反应釜;
砂磨机;",,086-0535-2348088,й ɽ  ɽʡɳ206﹤ҵ԰
任丘市文昊化工有限公司,https://rqwhhg.1688.com/,"聚丙烯酰胺;
纤维素;
制香胶粉;
水处;",,86-0317-2967511,й ӱ  Ƕҵ
济南大魁化工有限公司,https://dakuihuagong.1688.com/,"片碱;
硼砂;
污水处理剂;
高效净水;
甘;",ű,86-0531-88076280,й ɽ  ²Ͻİ칫¥119
河南英安机械设备有限公司,https://shop8r85x527w0143.1688.com/,"搅拌机;
不锈钢搅拌机;
不锈钢滚;
割草;",ź,"<a-class=""mobilephone""-href=""javascript:void(0)""-onmousedown=""return-aliclick(this,'?tracelog=wp_widget_contact_side_viewmobilephone')"">¼ɼ</a>",й  ֣ Ͻ
河北源润水泵制造有限公司,https://yrsbc1.1688.com/,"潜水渣浆泵;
潜水泥浆泵;
立式泥浆;
吸;",˧,86-0312-3428199,й ӱ  ʯ·1377
东莞市建康劳保文具用品有限公司,https://jiankanglaobao.1688.com/,"劳保用品;
办公用品;
包装材料;
防静;",־¡,86-0769-85348805,й 㶫 ݸ һ·307ų³2¥
淄博永泰达化工有限公司,https://zbytd.1688.com/,"硫酸铜;
硼酸;
磷酸二氢铝(液;
糊精;",˽,86-0533-4682319,й ɽ Ͳ ɽҵ԰
深圳市时进注塑制品有限公司,https://shop9e238357x1677.1688.com/,"塑料瓶;
PET塑料瓶;
PE塑料瓶;",,86-0755-29975298,й 㶫  ƺɽֵ·15
莱芜市奥星粉末材料有限公司,https://lwaxfm.1688.com/,"还原铁粉;
雾化铁粉;
超细铁粉;",,86-0634-5620799,й ɽ  Ӵ381
东莞市常平惠盈塑胶原料经营部,https://shop1399395348383.1688.com/,"通用塑料;
工程塑料;
热塑性弹性;
特种;",,86-0769-87133730,й 㶫 ݸ ƽ󾩾ܽԭгͨ·A855-856
吴江市祥盛精细化工有限公司,https://wjxiangsheng.1688.com/,"葡萄糖酸钠;
甲酸钠;
甲酸钙;
柠檬酸;",ŷ,086-0512-13912795655/4000678826,й  ⽭ ƽȹ·
惠州市惠城区诺盾劳保用品厂,https://novaegis.1688.com/,"防尘口罩OEM;
全自动折叠口;",С,86-0752-2319488,й 㶫 лݳ Сڰظſ·3
梁山鲁发二手化工设备购销部,https://shop1483549166026.1688.com/,"二手反应釜;
二手不锈钢罐;
二手干;",,86-0537-7616669,й ɽ ɽ ȭ̹ҵ԰
山东腾圣商贸有限公司,https://bztssm.1688.com/,"硫酸镁;
硫酸亚铁;
硫酸铵;
硫酸锌;
氮;",,86-0543-4286898,й ɽ ƽ ÿһ·
无锡市长干化工有限公司,https://wxcghg.1688.com/,"环氧树脂;
环氧固化剂;
环氧地坪;",ճ,86-0510-83888098,й  г簲 ·1633
成都鲲翔化工有限公司,https://shop1490807370841.1688.com/,"聚丙烯酰胺（PAM);
聚合氯化;",,86-028-86926498,й Ĵ ɶн ·171Ԫ2201
揭阳市榕城区巨石贸易有限公司,https://jyfangyuan2009.1688.com/,"不锈钢西餐具;
塑胶柄不锈钢;",ɺ,"<a-class=""mobilephone""-href=""javascript:void(0)""-onmousedown=""return-aliclick(this,'?tracelog=wp_widget_contact_side_viewmobilephone')"">¼ɼ</a>",й 㶫 ų ų幤ҵг棩
佛山市京旗化工科技有限公司,https://shop1490634634313.1688.com/,"工业消泡剂;
有机硅消泡剂;
造纸类;",̷,86-0757-25581898,й 㶫 ɽ˳ ˹ҵ԰
沧州晨航塑料制品有限公司,https://shop1461603472352.1688.com/,"塑料瓶、壶;
塑料原料;",,86-0317-4011952,й ӱ  ҵ԰
深圳市吉田化工有限公司,https://sungirll.1688.com/,"萜烯树脂;
松香;
增粘树脂;",̷,86-0755-88834518/33625339,й 㶫  ƽϹҵԭϳM18101
东莞市富溢达机械有限公司,https://fuyidajixie888.1688.com/,"卧式搅拌机;
立式搅拌机;
高速分散;",Ī,86-0769-33899982,й 㶫 ݸ Ϫ
河北壹宽泵业有限公司,https://shop1463072651175.1688.com/,"化工泵;
双吸泵;
冷凝泵;
多级泵;
液下;",,86-0312-3429567,й ӱ  Ͻҵ
玉环恒豪塑料制品厂,https://henghaosuliao.1688.com/,"塑料盒;
塑料瓶;
医药包装;
化妆包;",Ƽ,86-0576-81719585,й 㽭  «ͷ
成都鸿运红化工有限公司,https://shop1490634637712.1688.com/,"其他建筑用助剂;
润管剂;
弯头;
速凝;",ƾ÷,86-028-64001890,й Ĵ ɶ ˫ض̫·20
深圳市偕行劳保用品有限公司,https://shop1473217487609.1688.com/,"个人防护用品;
个人防护用品;",,86-0752-6283839,й 㶫  ʯ򺣹·ڶ ʢ 98
任丘市广汇化工有限公司,https://guanghuihg588.1688.com/,"吸水树脂;
聚丙烯酰胺;
吸水树脂;
保水;",֣һ,86-0317-2919329,й ӱ  ҵ԰
成都欧瑞凯化工有限公司,https://shop56697mx2x9312.1688.com/,"各种水处理原料;
环保设备颜料;
塑料;",ܽ,86-028-88414718,й Ĵ ɶȪ ʮ
石家庄龙洋塑料包装有限公司,https://shop1465751044465.1688.com/,"编织袋;
彩印编织袋;
化肥编织袋;",,13363842666,й ӱ  ʮ̹ҵ
沧县佳铭塑料包装制品厂,https://shop1427215519254.1688.com/,"塑料瓶;
喷雾瓶;
医药保健品;
饮料瓶;",ӭ,86-0317-4911393,й ӱ  ҵ
苍南县弘杨包装制品厂,https://shop43fm07107f049.1688.com/,"编织袋-彩印袋;
米袋;
面粉袋;
化肥;",,86-0577-63033096,й 㽭  ƽҵ԰
东莞市隆展环保实业有限公司,https://shop6t44w896j3653.1688.com/,"搅拌机;
脱油机;
上料机;
脱水机;
分散;",޻,"<a-class=""mobilephone""-href=""javascript:void(0)""-onmousedown=""return-aliclick(this,'?tracelog=wp_widget_contact_side_viewmobilephone')"">¼ɼ</a>",й 㶫 ݸ
永嘉县联工泵阀制造有限公司,https://lliangong.1688.com/,"球阀;
蝶阀;
闸阀;
截止阀;",,86-0577-67999797/67999796,й 㽭  걱걹ҵ
苏州吉郎乐塑料有限公司,https://shop05s646s982q24.1688.com/,"PC;
PC/ABS;
PA66;
PBT;",,86-0512-33061715,й  ̫ ¸·2
临沂商城刘江廷塑料制品商行,https://shop1465058187974.1688.com/,"塑料编织袋;
布卷;
大型包装袋;
食品;",,18669917526,й ɽ ɽ г1132
苏州市楷昂化工有限公司,https://shop1489165820539.1688.com/,"葡萄糖酸钠;
甲酸钙;
甲酸钠;
六偏磷;",,86-0512-63642568,й   ⽭ü·1099
湖北新四海化工股份有限公司,https://shop4464887v685j0.1688.com/,"硅油、硅树脂、消泡剂;
一甲基三;",,86-0710-18307101643,й   ʡϳǻĹҵ԰
深圳市永之强化工科技有限公司,https://szyqhg66.1688.com/,"ABS胶水;
PP胶水;
不锈钢胶;
粘铝;",Сƽ,86-0755-27639462,й 㶫 б бʯҽֵ⹤ҵ1
沧县奥康塑料制品厂,https://cxaokang.1688.com/,"医药瓶;
保健品瓶;
农药瓶;
兽药瓶;
化;",,13403275520,й ӱ  ҵ
任丘市凯峰化工有限公司,https://kaifenghuagong.1688.com/,"聚丙烯酰胺;
絮凝剂;
羟丙基纤维;
瓜尔;",,86-0317-2966861,й ӱ  Ṥҵ
深圳市荣振塑料制品有限公司,https://shop1493052806339.1688.com/,塑料制品、塑胶制品、;,,86-0755-23280585,й 㶫 й ڳ˿Ƽҵ԰
河北万顺畅鑫化工产品销售有限责任公司,https://18231788899.1688.com/,"碳酸钠;
纯碱;
片碱;
粒碱;
氢氧化;",˳,86-0317-6801822,й ӱ  »·
厦门帝燊塑胶有限公司,https://dishensujiao.1688.com/,"塑胶桶;
塑料米;
包装制品;",л¶,86-0592-6265676,й  м ɶ5
广州新望精细化工有限公司,https://gzxinwan.1688.com/,"聚丙烯酰胺;
聚合氯化铝;
消泡剂;
片碱;",,86-0769-23295118,й 㶫  ԹݻBB3331
沧县新丰塑料制品厂,https://shop34go568967527.1688.com/,"塑料瓶、壶;
喷雾瓶;
农药瓶;",±,13663172528,й ӱ  в
石家庄强冠工业水泵有限公司,https://shop1406134367982.1688.com/,"渣浆泵;
单壳泵;
压滤机入料泵;
脱硫;",,86-400-8790618,й ӱ ʯׯԣ ԣ·
绍兴双良化工设备有限公司,https://shop846887h57t869.1688.com/,"压力容器;
储罐;
不锈钢反应釜;
换热;",лĻ,86-0-13989525818,й 㽭  лҵ
苏州然一顺塑化进出口有限公司,https://shop1467221352568.1688.com/,"ABS;
PP;
PC;
POM;
PBT;",,86-0512-57811585,й  ɽ ½̩¡ϳ
上海克洋泵业制造有限公司,https://keyang666666.1688.com/,"消防泵机组;
管道泵;
排污泵;
自吸泵;",,86-0577-21884066,й 㽭  걱󽭴غ·77
河南盛勋机械设备有限公司,https://shop51r8000465036.1688.com/,"粉碎机;
搅拌机;
破碎机;
颗粒机;
混合;",ܸ,86-0371-13127899035,й  ֣ԭ ˮֵׯӻлׯ
济宁市兖州区科硕机械有限公司,https://keshuojixiezxc01.1688.com/,"农业机械;
工程机械;
机电设备;
加工;",,86-0537-3447789,й ɽ  ó
梁山傲雨二手化工设备购销部,https://shop8878472jf9p03.1688.com/,"二手反应釜;
二手离心机;
二手储罐;",ܹ㶫,86-0537-18805478885,й ɽ ɽ ȭ
沧县景峰塑料瓶厂,https://shop1394125103213.1688.com/,"塑料瓶、壶;
农药瓶;
兽药瓶;
保健品;",,86-0317-4919169,й ӱ  
桑达化工(南通)有限公司,https://sdachem.1688.com/,"平平加O-25;
OP-10油田助;",,86-0513-80139117,й   ϸ԰Ϻ9
邹平县润梓化工有限公司,https://zzhgc.1688.com/,"硫酸锌;
硫酸亚铁;
硫酸铜;
硫酸镁;
硫;",űȫ,86-0543-4851273/18654331273,й ɽ ƽ ɽҴ
黄涛,https://shop7l1356127ldg0.1688.com/,"胶皮手套;
电焊手套;
纱线手套;
工业;",,86-0539-7117833,й ɽ кӶ Ƕ170
广东鸿润发实业有限公司,https://hrf3553889.1688.com/,"塑料桶;
机油桶;
涂料桶;
食品桶;
化工;",·ϼ,86-0769-85333083,й 㶫 ݸ ݸгӿͷݸ·4-1
东莞市昶玖塑胶制品有限公司,https://dgcj998.1688.com/,"塑料桶;
塑料罐;
涂料桶;
化工桶;
润滑;",,86-0769-81773319,й 㶫 ݸ ƽ򱱽18
石家庄宏森活性炭有限公司,https://sjzhongsen.1688.com/,"果壳活性炭;
椰壳活性炭;
粉状活性;",,86-0311-88181999,й ӱ ʯׯ ޻կ
梁山善成二手设备购销部,https://shop7376q43i69805.1688.com/,"反应釜;
离心机;
粉碎机;
蒸发器;
提取;",Ƴ,86-0537-17853716619,й ɽ ɽ 
余姚市瑞轩塑化有限公司,https://yyruixuansuhua.1688.com/,"PP;
PC;
ABS;
PMMA;
PPS;",,"<a-class=""mobilephone""-href=""javascript:void(0)""-onmousedown=""return-aliclick(this,'?tracelog=wp_widget_contact_side_viewmobilephone')"">¼ɼ</a>",й 㽭 Ҧ ɽֵ˴㶫·72Ū17
太仓玉玺防腐化工设备有限公司,https://tcyuxi.1688.com/,"防腐化工设备;
原材料;
聚丙烯真;
储罐;",ϲ,86-0512-53921019,й  ̫ ̫ɳϪׯ˽Ӫÿׯվ500ף
郑州金邦环保科技有限公司,https://jbhb888.1688.com/,"活性炭;
木质活性炭;
柱形活性炭;
活性;",,86-0371-62561267,й  ֣ ¼ѧƼ԰9¥
四川英利达机电设备有限公司,https://shop4p7930964x6y0.1688.com/,"IRG管道泵;
WQ污水泵;
Q深井泵;",½Ӣ,86-028-68655082,й Ĵ ɶ ţ13Ŵ27
沧县新轲塑料制品厂,https://wanxiasuye.1688.com/,"圆塑料桶;
塑料方桶;
瓶坯;",,15303371556,й ӱ  
揭阳市榕城区欣立日用塑料制品厂,https://rongliplastic.1688.com/,"塑料桶;
包装桶;
涂料桶;
化工桶;
油墨;",ƺ,18456026660,й   򾭼ÿ
河北凯兴化工有限公司,https://shop9h171092p10m7.1688.com/,"聚丙烯酰胺;
纤维素;
分散剂;
聚丙稀;
树;",ҵ,15076795177,й ӱ  гׯ
温州市绿帆包装有限公司,https://wzlvfan.1688.com/,"编织袋;
纸塑编织袋;
塑料编织袋;",־,086-0577-63079737,й 㽭 ƽ ˹ҵ԰
东莞市壹诺化工科技有限公司,https://enochem.1688.com/,"钛白粉;
增白剂;
硫酸钡;
碳黑;",Զ,86-0769-33218844,й 㶫 ݸ ľͷݸ·12ܲƴ6¥
沧县森诺塑料制品厂,https://shop1480611583005.1688.com/,"塑料瓶、壶;
喷雾瓶、稀释瓶;",ѩ,86-1378-5489059,й ӱ  ضϴ
德州市富凯化工有限责任公司,https://dzfkhg.1688.com/,"分析仪器;
实验仪器装置;
色谱仪;
石油;",,86-0534-2105200,й ɽ е³ ·542
河北强盛泵业有限公司,https://shop1406912005261.1688.com/,"多级泵;
自平衡多级泵;
不锈钢多;",ΰ,86-0312-3426353,й ӱ  ʯ·
温州金马塑业有限公司,https://wzjmsy1688.1688.com/,"纸塑复合袋;
中缝;
边缝;
软包装;
客户;",º,86-0577-13588826330,й 㽭 ƽ ·1
任丘市立天化工有限公司,https://rqlthg.1688.com/,"羧甲基纤维素;
羟丙基甲基纤;",ޱ,13831706085,й ӱ  ϶ҵ
河北佰益达环保设备有限公司,https://shop1442594921580.1688.com/,"玻璃钢管道;
玻璃钢格栅;
玻璃钢容;",ӡ,86-0318-8261901,й ӱ ǿ ǿظǿ·
深圳市欣琪塑料制品有限公司,https://kangchengsl.1688.com/,"塑料;
模具;",²,86-0755-29861336,й 㶫 б ɸܽ·ʮߺź迭ҵ԰¥ڴ½κεطԵ꡷
河北霖泽玻璃钢有限公司,https://shop1426611073208.1688.com/,"玻璃钢格栅;
玻璃钢冷却塔;
玻璃钢;",־,86-0318-8281234,й ӱ ˮ ǿظǿ·189
上海德乘包装制品有限公司,https://shop1447087823812.1688.com/,"编织袋;
饲料袋;
米袋;
腻子粉包;
软包;",Ⱥ,86,й 㽭 ƽ Դ
任丘市广润化工有限公司,https://shop880949j452396.1688.com/,"聚丙烯酰胺;
纤维素;
黄原胶;
污水处;",֣ʤ,86-0317-2226697,й ӱ 
山东天齐塑业有限公司,https://shop1439799423277.1688.com/,"塑料桶;
5升塑料桶;
10升塑料桶;",,86-0534-18753479986,й ɽ  205Ŷ200״·
深圳市田程邦工业材料有限公司,https://tcban9.1688.com/,"3M口罩;
3M防雾霾口罩;",³,86-755-27387902,й 㶫 б ֵƽ;ҵD6¥
宜兴市佳琦环保化工有限公司,https://lvkeyx.1688.com/,"脱色絮凝剂;
高效生化净水剂;
聚合氯;",˿,86-0510-87069910,й   ۥְٺϻ·
沧州市新华区天泰塑料制品销售中心,https://shop1430758696885.1688.com/,"农药瓶;
保健品瓶;
化工瓶;
医药瓶;",,86-0317-4052775,й ӱ  45641321
沧州乐华塑料包装有限公司,https://cxfuhua.1688.com/,"塑料瓶;
塑料包装;
玻璃瓶;",,86-0317-4913198,й ӱ  ӱʡضͷҵ2
临沂经济技术开发区爱信德防护用品厂,https://linyiaixinde.1688.com/,"防风镜;
护目镜;
电焊护目镜;
劳保护;",,86-0539-8091707,й ɽ  ü
莱州市沙河镇林浩化工机械厂,https://shop1466010472679.1688.com/,"塑料造粒机;
塑料破碎机;
电加热反;",Ծ,86-0535-2356539,й ɽ  ֣żҹҵ԰
河北博豪泵业有限公司,https://shop0886762d389e1.1688.com/,"离心泵;
自吸泵;
渣浆泵;
污水泵;
混流;",ɯɯ,86-0312-3506519,й ӱ  ʯ
深圳市美泰邦化工有限公司,https://mitite.1688.com/,"美泰邦瞬干胶水;
无白化瞬干胶;",𽨾,86-0755-84828976/84828977/84866609,й 㶫  ·ԣƼ԰B
亳州市玉满再生资源有限公司,https://shop1453559482511.1688.com/,200L/208L钢桶;,ⶫ,13306256880,й  ⽭ ´
上海展云化工有限公司,https://shop1355420317164.1688.com/,"辛烷磺酸钠;
庚烷磺酸钠;
己烷磺酸;",,86-021-56772368/66314090,й Ϻбɽ Ϻбɽϴ·5863¥ַֿ
上海捷钧塑料科技有限公司,https://shop1431039256267.1688.com/,"PP;
POM;
PBT;
PA6;
PA66;",÷,86-021-13818745058,й Ϻ Ϻ·588Ū15112089
东莞市维曦塑胶化工有限公司,https://13549497577.1688.com/,工程塑胶原料;,,86-0769-89078748,й 㶫 ݸ ľͷ85-1ܽóһ107
东莞市横沥塑丰塑胶制品厂,https://sufeng0769.1688.com/,塑料托盘/塑胶卡板/塑;,,86-0769-83716080,й 㶫 ݸ ·ӹҵA2
沧县昂达塑料制品厂,https://shop84n9e5097x932.1688.com/,"喷雾瓶;
尿素瓶;
塑料桶;
塑料瓶;
保健;",Կ,13082180182,й ӱ  ض͹ҵ԰
深圳市荣圣达包装材料有限公司,https://rongshengpack.1688.com/,"POF 热收缩膜;
POF 热收缩;",,86-0755-36853797,й 㶫 б 502-9
河北鑫睿玻璃钢有限公司,https://hbzqxr.1688.com/,"玻璃钢净化塔;
玻璃钢冷却塔;
玻璃钢;",ֽ,86-0318-8288889,й ӱ ǿ ǿ·
东莞市杰臣化工有限公司,https://jchgdg.1688.com/,"硅油;
抗油剂;
消泡剂;
脱模剂;",ϼ,86-0769-13412185905,й 㶫 ݸ ǽֵǳѧ·76ǳ53칫603
广州朋远化工有限公司,https://pydiy.1688.com/,"日用化学品;
DIY化妆品原料;
精油;
纯;",¸,86-20-62947162,й 㶫 а ʯ·ʯڶ
温州蜂鸟包装有限公司,https://shop1453359510773.1688.com/,"塑料编织袋;
聚丙烯;",,86-0577-15888780839,й 㽭 ƽ ιҵɽ·18
沧县康升塑料制品厂,https://kangshengsuliao.1688.com/,"塑料瓶、壶;
塑料桶;
农药瓶;",,86-0317-4911507,й ӱ  С
庆云一诺塑料制品有限公司,https://shop1458354595109.1688.com/,".1升-60升塑料桶;
IBC吨桶;",ƽ,86-0534-3665123,й ɽ  ÿ
常州讴歌包装制品有限公司,https://shop1450370225359.1688.com/,"集装袋;
吨袋;
桥梁预压袋;
太空袋;
编;",䳼,86-0519-83608619,й   ң
巩义市德慧环保材料贸易有限公司,https://shop1430614138287.1688.com/,"活性炭;
无烟煤滤料;
增碳剂;
聚合氯;",,86-0371-64329151,й   
河北恒仁塑料包装材料有限公司,https://hbhrbz.1688.com/,"卫生用品包装;
各种食品包装;",,86-0311-80742937,й ӱ ʯׯ 
新佳格彩印厂,https://expiorerjc.1688.com/,"彩印袋;
电蚊拍袋;
电器包装袋;",,86-0768-6625409,й 㶫 г 㶫ʡֲ¤Ҷҵһ1_2
苏州泰格尔新材料有限公司,https://shop1391743659396.1688.com/,"塑料箱;
中空板周转箱;
塑料托盘;",лξ,86-512-66210380,й   ·1258
上海泛越信息技术有限公司,https://fanuusoft.1688.com/,"水洗标/水洗唛打印机;
彩色标签;",,86-021-50791915/50796500/50792036,й Ϻֶ ͷ幤ҵ԰·52
昆山市玉山镇振德兴塑料批发部,https://lvlei297185641.1688.com/,"PE自封袋;
大垃圾袋;
PE平口袋;",ƽ,86-0512-55132617,й  ɽ ó
广州品鼎化工科技有限公司,https://gzpinding.1688.com/,"化妆品原料批发;
天然植物精油;",°,86-020-13798181599,й 㶫 а 㷢һ·ʢҵƷչC24
常州名盾安全防护用品有限公司,https://shop1387817657983.1688.com/,"防护帽;
面屏;
近电报警器;
防寒棉;",Э,13382851189,й   ֺ·42
桐城市建运包装有限公司,https://shop1456505843726.1688.com/,"塑料袋;
无纺布袋;
食品袋;
软包装;",袾ź,86-0556-6811055,й  ͩ ¶̶ί·
永康市东城李健包装材料经营部,https://shop9962b83480077.1688.com/,"其他塑料薄膜袋;
包装;
OPP袋;",,86-0579-88351053,й 㽭  Ƕ·3887
深圳市炳坤塑业有限公司,https://shop1462254060134.1688.com/,"自封袋;
复合彩印袋;
食品袋;
opp;",¬־,13826513227,й 㶫 б ֵ
苍南县志远塑膜包装厂,https://zhiyuanbz1.1688.com/,"PVC袋;
PVC包装袋;
化妆品袋;
手;",,86-0577-68121069,й 㽭  Ǯ԰99Źųڶ¥칫
阜城县华明塑料包装制品有限公司,https://shop1429808315484.1688.com/,"编织袋;
塑料包装;
纸塑复合袋;
集装;",κ,86-0318-18667106396,й ӱ  йϽ
安新县赵北口镇赵庄子金泽塑料厂,https://jinzesuliaochang.1688.com/,"垃圾袋;
背心袋;
食品袋;
快递袋;
豆浆;",,86-0312-5121010,й ӱ  ԱׯӴ԰·65
东莞市博润包装制品有限公司,https://borunpackaging.1688.com/,"塑料袋;
购物袋;
纸巾袋;
礼品袋;
拉伸;",Ӣ,86-769-86738938,й 㶫 ݸ ʯ࿲һ·
苍南县金乡镇鑫金邦工艺品厂,https://shop1421400413583.1688.com/,"淋膜纸袋;
淋膜防油纸袋;
淋膜牛皮;",С,86-0577-18858802144,й 㽭  Ǯ⹤ҵ428
济南龙港软包装制品厂,https://jnlgrbz.1688.com/,"软包装;
复合包装;
塑料托盘;",ź,086-0531-88710486,й ɽ  
桐城市科晟包装有限公司,https://tcksbz.1688.com/,"塑料包装袋;
纸质包装袋;
无纺布袋;",ʫʤ,86-0556-6867180,й  ͩ ˫¿ϴ31
黄山永川新材料有限公司,https://shop1481297629011.1688.com/,"真空压缩袋;
真空压纹袋;
充气防护;
拉;",ʤ,86-0559-2555299,й  ɽϪ ÿ÷ִ89Ѹ԰ƴ
深圳长延包装制品有限公司,https://shop1464282008717.1688.com/,"塑料手提袋;
PVC手提袋;
复合食;",,86-0755-4008858566,й 㶫  ƺҵD8
苍南县龙港皖派纸塑制品厂,https://shop1467738694379.1688.com/,"纸袋;
塑料袋;
包装盒;
塑料折盒;",Ҷƽ,86-0577-68637718,й 㽭  ·208
苍南县友康纸制品厂,https://cnyoukang.1688.com/,"防油纸袋;
汉堡纸;
手抓饼;
烤鸡袋;
武;",ѡ,086-0577-68006778,й 㽭  ˻1
临沂市兰山区乐丰塑编包装厂,https://shop1490029877765.1688.com/,"塑料编制袋;
快递编织袋;
大米编织;",,86-0539-7162773,й ɽ  ʮ·ɽ·г1231
苏州汤志塑料制品有限公司,https://tangzhislzp168.1688.com/,"自封袋;
泡棉造型;
工业包装袋;
美纹;",,86-0512-65904116,й   ͤ»ҵ԰Ҧ·
山东佳铭金属制品有限公司,https://shop7327q022081p6.1688.com/,"彩钢卷;
镀锌板;
不锈钢板;
铝板;
无缝;",ŵ¹,13306353004,й ɽ ĳ ĳп
义乌市洛樱包装厂,https://shop1456851237722.1688.com/,"包装盒;
包装袋;
鲜花制材;
蛋糕盒;
围;",Ǯ,86-0579-17097725662,й 㽭  ޴н
苍南县龙港乐亿纸塑制品厂,https://shop6363836y74o98.1688.com/,"飞机盒;
手提袋;
瓦楞盒;
食品盒;
礼品;",,13777500562,й 㽭  󱱴427
东莞市虎门蕙天包装制品厂,https://shop1466182556612.1688.com/,"服装包装袋;
塑料袋;
封口袋;
0PP袋;",ά,86-400-879-0045,й 㶫 ݸ 򻳵ҵʮ
广州奥彩包装制品有限公司,https://ocprint.1688.com/,"包装盒;
礼盒;
纸筒;
塑料袋;
纸袋;
不;",,86-020-28992366,й 㶫 к ҵ·ҵ
高密市华顺劳保用品有限公司,https://shop4186708015373.1688.com/,"劳保鞋;
其他;",ɽ,86-0536-13153620330,й ɽ  ˮֵ·
东莞市楹圣塑胶化工有限公司,https://shop1449767243808.1688.com/,"阻燃剂;
抗氧剂;
进口色母;
铁氟龙;",׺,86-0769-82558675,й 㶫 ݸ ľͷܽһG
上海禾粒精细化工有限公司,https://shop1491584864753.1688.com/,"锐钛型钛白粉;
金红石型钛白;
重质碳;",ٷ,86-021-1178469,й Ϻ ˹·5196Ū
郑州市荣丰机械设备有限公司,https://shop1492186775375.1688.com/,"建筑矿山粉碎机械;
木材加工;",Ż,86-0371-60203977,й  ֣Ͻ ·ͨ67
东莞市环亚塑胶机械有限公司,https://dghuanyajixie.1688.com/,"塑料搅拌机;
塑料烘干干燥机;
振动筛;",ٽ,86-0769-13903039765,й 㶫 ݸ ݸгƽʯڴ幤ҵ·
天津乐兴塑料制品销售有限公司,https://tjlexing.1688.com/,"塑料瓶;
注塑桶;
保鲜桶;
塑料包装;
塑;",԰԰,86-022-65153605,й ӱ  ܻͷҵ԰
郑州福特化工产品有限公司,https://shop1487092381065.1688.com/,"杀菌灭藻剂;
硫酸铜;
对苯二酚;
间苯;",,86-0371-13939045572,й  ֣ж ֣֣бг518
郑州绿航净水材料有限公司,https://lvhang.1688.com/,"净水材料;
活性炭;
滤料;
填料;
氧化;",ΰ,"<a-class=""mobilephone""-href=""javascript:void(0)""-onmousedown=""return-aliclick(this,'?tracelog=wp_widget_contact_side_viewmobilephone')"">¼ɼ</a>",й  ֣ Ĳ·
吴江市华誉化工有限公司,https://wjhuayu.1688.com/,"保险粉;
葡萄糖酸钠;
工业葡萄糖;
柠檬;",Ӣ,86-0512-63381599,й  ⽭ ƽдӪÿ
锦江区恒发祥商行,https://hengfaxiangshop.1688.com/,"塑料制品;
电子产品;
日用品;",,"<a-class=""mobilephone""-href=""javascript:void(0)""-onmousedown=""return-aliclick(this,'?tracelog=wp_widget_contact_side_viewmobilephone')"">¼ɼ</a>",й Ĵ ɶ 5400
李平军,https://shop1444410277045.1688.com/,"塑料桶涂料桶;
塑料壶食品桶;",ƽ,15216500608,й ɽ  ʻгؽ24
荥阳市贾峪镇四季邦友塑料制品商行,https://shop1467824897335.1688.com/,"塑料瓶;
化工瓶;
胶瓶;
试剂瓶;
塑料;",,"<a-class=""mobilephone""-href=""javascript:void(0)""-onmousedown=""return-aliclick(this,'?tracelog=wp_widget_contact_side_viewmobilephone')"">¼ɼ</a>",й   
吴江市华恒精细化工有限公司,https://wjhhjxhg.1688.com/,"葡萄糖;
葡萄糖酸纳;
保险粉;
草酸;
氯;",Фѩ,86-0512-63364533,й  ⽭ ⽭ƽŶܢ
枣强县宏涛玻璃钢制品厂,https://shop1463418130475.1688.com/,"玻璃钢制品;
玻璃钢格栅;",,86-0318-15833840048,й ӱ ˮ ǿزֹҵ԰
苏州仁鹏塑化有限公司,https://sujiaoyuanliao.1688.com/,"塑料原料;
塑料原料;
tpu耐磨;",С,18115576862,й  ̫ ¸·28-408
郑州雨蓝环保科技有限公司,https://ylhb88.1688.com/,"活性炭;
净水材料;
滤料;
絮凝剂;",ѩӨ,86-1513-6281926,й  ֣ԭ ԭ
余姚市盈聚塑化有限公司,https://shop1413261126911.1688.com/,"ABS;
PP;
PC;
HIPS;
GPPS;",ᴺ,86-0574-62536902,й 㽭 Ҧ Ҧйϳ·2-40
东莞市合益机械设备有限公司,https://shop1469033311784.1688.com/,"卧式搅拌机;
立式搅拌机;
塑料破碎;",,86-0769-15099703738,й 㶫 ݸ Ϫ·̩ڹҵ԰
苏州欣源昇塑料有限公司,https://xys888.1688.com/,"ＰＯＭ塑胶原料;
ＰＣ塑胶原料;",΢,86-0512-33061801,й  ̫ 򻪶ܻ
庆云县鸿凯塑业有限公司,https://qyxhksy.1688.com/,"滚塑容器;
注塑容器;
吹塑容器;",ں鿭,15253423760,й ɽ  ڵ
东莞市巧盈环保机械设备有限公司,https://shop1495558514026.1688.com/,"筛分设备;
清洗设备;
破碎机;
搅拌设;",Τѩ÷,86-0769-89869819,й 㶫 ݸ ϪԪ·36
河北广瑞达安全科技有限公司,https://guangruidalaobao.1688.com/,"口罩;
安全帽;
手套;
眼镜;
工作服;",,"<a-class=""mobilephone""-href=""javascript:void(0)""-onmousedown=""return-aliclick(this,'?tracelog=wp_widget_contact_side_viewmobilephone')"">¼ɼ</a>",й ӱ ʯׯŶ ˽2-10ʯׯó׹˾
河北腾旺泵业有限公司,https://shop1490980256661.1688.com/,"水泵;
水泵;",ͨ,13011166578,й ӱ  ·
上海琛淼工程塑胶有限公司,https://shop5z4z340017794.1688.com/,"PA66;
PA6;
PBT;
PTFE;",º,86-021-18114639123,й Ϻ ·6932
沧县通顺塑料制品厂,https://tongshunsuoye.1688.com/,"胶水塑料瓶;
液体塑料瓶;
固体塑料;",,86-0317-4983892,й ӱ  ޶ׯ
济宁百川化工有限公司,https://baichuanchemical.1688.com/,"分析试剂;
化工中间体;
小包装原;",󴫶,86-0537-6258208,й ɽ ̨ ̨س··
河北兴牛泵业有限公司,https://shop1418748200701.1688.com/,"离心泵;
增压泵;
化工泵;
渣浆泵;",,86-0312-3426872,й ӱ  ·236
东莞市易合化工有限公司,https://yihejiaoshui168.1688.com/,"硅胶胶水;
PP胶水;
PE胶水;
尼龙;",Ӣ,86-0769-23030040,й 㶫 ݸ ϳ
上海博彤化工有限公司,https://shbthg.1688.com/,"云母粉;
硅微粉;
硫酸钡;
质感圆砂;
硫;",,86-21-59860996,й Ϻ ๫·7523
梁山县辉腾二手化工设备经营部,https://hteshgsb.1688.com/,"二手不锈钢储罐;
二手不锈钢反;",Х,86-0537-13455472767,й ɽ ɽ ɽ·
河南椰美日化有限公司,https://yemeirihua.1688.com/,"日化产品;
精细化学品;
日化产品;",ٻ,86-0371-56093718,й   ɽɽ
临沂易迅塑料包装有限公司,https://shop1455727658877.1688.com/,"塑料编织袋;
物流打包袋;
快递编织;
蛇;",,86-0539-13853985801,й ɽ  ԰԰31
余姚市今辰塑料商行,https://shop76i24f2812303.1688.com/,"ABS,PC/ABS,AS,ASA;",,86-0574-58221051,й 㽭 Ҧ йϳĽF4312
河北胜拓机械有限公司,https://shop1465694717436.1688.com/,"液体搅拌罐（加热;
冷却;
乳化;
保温;",,86-1393-2147109,й ӱ  
广州市恒奕塑料包装制品有限公司,https://hybottle.1688.com/,"塑料瓶包装;
塑料制品;
塑料盖;",н,86-020-86250080,й 㶫 а éʢҵƷչC82-3
苏州硕宝泵业有限公司,https://szshuobao88.1688.com/,"磁力泵;
过滤机;
立式液下泵;
卧式自;",,86-0512-63139965,й   ʹ
上海奔乐塑料制品有限公司,https://shop1355420341277.1688.com/,"塑料桶;
塑料瓶;
食品用塑料桶;",Сʤ,86-021-57255113,й Ϻнɽ ͤͳ4025
广州舒野环保材料有限公司,https://shop1399621536514.1688.com/,"活性炭;
蜂窝活性炭;
椰壳活性炭;",,86-020-82795987,й 㶫  ׽㻢·1
清远市清新区三坑镇合兴塑料编织袋厂,https://weiwei20130319.1688.com/,"塑料绿色编织袋;
塑料白色编织;
大号;",ë,86-0763-5872668,й 㶫 Զ ´A-1
深圳市福田区九星御品塑料制品厂,https://jiuxingyupin.1688.com/,"塑料瓶;
塑料盖;
PET塑料瓶;
PE塑;",Ѧ̶,13543481282,й 㶫 а ˺ͺͤ·92
江苏艾格尼丝环境科技有限公司,https://jsagns.1688.com/,"生产各类活性炭;
光触媒;
装修污染;",,13338166678,й   ¹ҵ
郑州中创净水材料有限公司,https://shop1462381108488.1688.com/,"椰壳活性炭;
果壳活性炭;
柱状活性;",,86-0371-18613713680,й  ֣ ¼ҵ122302
沧县华辉塑料制品厂,https://cangxianhuahui.1688.com/,"医药塑料瓶;
兽药塑料瓶;
化工塑料;
饮;",,86-0317-3846824,й ӱ  
临朐县天源活性炭有限公司,https://huoxingtan818.1688.com/,"活性炭系列产品;
各种规格型号;",ΰ,86-0536-3344818,й ɽ  Գկҵ԰
巩义市永泰净水材料有限公司,https://gysytjs.1688.com/,"聚合氯化铝;
聚合氯化铝铁;
碱式聚;",,86-0371-85021106,й   бɽ
泊头市盛世泵业有限公司,https://shengshibengye.1688.com/,油泵、水泵;,,86-0317-8341390,й ӱ ͷ ÿ
东莞骏益文具有限公司,https://dgjywjyxgs.1688.com/,"文具用品;
劳保用品;
鞋材用品;",,86-0769-33365166,й 㶫 ݸ ʹӿ4
东莞市大嘉源塑胶原料有限公司,https://tang1737623868.1688.com/,"PC;
POM;
PBT;
PC.ABS;
PP;",̷ջ,86-0769-82053226,й 㶫 ݸ 㶫ʡݸ ľͷܽгڶ11
温州豪正实业有限公司,https://shop1432573158677.1688.com/,"复合包装;
彩印袋;
纸塑袋;
饲料袋;
化;",ƲȰ,86-0577-63579166,й 㽭 ƽ ФԴ
任丘市鹏阳化工有限公司,https://shop1428512260832.1688.com/,"羧甲基纤维素;
黄原胶;
保水剂;
瓜尔;",,86-0317-13111735655,й ӱ  ϶100
苍南县龙港裕元制袋厂,https://shop1477413799336.1688.com/,"塑料编织袋;
工程塑料包装袋;
饲料袋;",ҫ,86-0577-63562898,й 㽭  ˫ҵ˫118
上海卓靖国际贸易有限公司,https://zhuojingsujiao.1688.com/,"塑胶原料;
POM;
PC;
PA66;",,86-021-60712770,й Ϻ ·6933G381
郑州育才磷酸盐化工厂,https://yucaichem.1688.com/,"液体磷酸二氢铝;
固体磷酸二氢;
三聚;",,86-0371-64110451,й   ɽ
梁山县一言二手油脂设备购销部,https://lssjesyzhgsb.1688.com/,"二手反应釜;
二手离心机;
二手压滤;",,86-0537-7600193,й ɽ ɽ ȭ̿
沧县华硕塑料制品厂,https://huashuosuliao.1688.com/,花肥液体瓶，壶，桶;,˫˫,86-0317-18233756860,й ӱ  򿪷
兰陵县众塑塑业有限公司,https://shop3000142434271.1688.com/,"200升双环桶;
单环桶;
蓝方桶;
水冲;",,"<a-class=""mobilephone""-href=""javascript:void(0)""-onmousedown=""return-aliclick(this,'?tracelog=wp_widget_contact_side_viewmobilephone')"">¼ɼ</a>",й
临沂蒂世亨塑料制品有限公司,https://dishiheng.1688.com/,"涂料桶;
乳胶漆桶;
白乳胶桶;
食品桶;",쿭,"<a-class=""mobilephone""-href=""javascript:void(0)""-onmousedown=""return-aliclick(this,'?tracelog=wp_widget_contact_side_viewmobilephone')"">¼ɼ</a>",й ɽ ׯ ¼
平顶山绿林活性炭有限公司,https://pdslvlin.1688.com/,"工艺品活性炭;
净水净气活性;",˫,86-0375-6161861,й  ƽɽ ʡƽɽƽׯ1
河北广汇水泵制造有限公司,https://shop1466702277170.1688.com/,"渣浆泵;
混流泵;
自吸泵;
潜污泵;
管道;",,"<a-class=""mobilephone""-href=""javascript:void(0)""-onmousedown=""return-aliclick(this,'?tracelog=wp_widget_contact_side_viewmobilephone')"">¼ɼ</a>",й ӱ  ʯҵ
景县旺隆管业有限公司,https://shop1452923804192.1688.com/,"高/低压胶管;
金属软管;
不锈钢接;
硅;",ž,86-0318-5835168,й ӱ  
